language,model,sentence_idx,reference,transcript,ref_normalized,hyp_normalized,wer_raw,wer_normalized,audio_path
english,chatterbox,0,The quick brown fox jumps over the lazy dog near the riverba,The quick brown fox jumps over the lazy dog near the riverba,the quick brown fox jumps over the lazy dog near the riverba,the quick brown fox jumps over the lazy dog near the riverba,0.0,0.0,audio/english/chatterbox_00.wav
english,chatterbox,1,Good morning! I'd like to schedule a meeting for next Tuesda,Good morning. I'd like to schedule a meeting for next Tuesda,good morning i d like to schedule a meeting for next tuesday,good morning i d like to schedule a meeting for next tuesday,0.2143,0.0,audio/english/chatterbox_01.wav
english,chatterbox,2,Our quarterly revenue increased by twelve point five percent,Our quarterly revenue increased by 12.5% compared to last ye,our quarterly revenue increased by 12 5 percent compared to ,our quarterly revenue increased by 12 5 compared to last yea,0.3077,0.0833,audio/english/chatterbox_02.wav
english,chatterbox,3,Please contact John Smith at extension four two seven for fu,Please contact John Smith at extension 427 for further assis,please contact john smith at extension 4 2 7 for further ass,please contact john smith at extension 427 for further assis,0.25,0.25,audio/english/chatterbox_03.wav
english,chatterbox,4,The weather forecast predicts scattered thunderstorms throug,The weather forecast predicts scattered thunderstorms throug,the weather forecast predicts scattered thunderstorms throug,the weather forecast predicts scattered thunderstorms throug,0.0,0.0,audio/english/chatterbox_04.wav
english,chatterbox,5,"I'm sorry, but I'm unable to process your request at this ti","I'm sorry, but I am unable to process your request at this t",i m sorry but i m unable to process your request at this tim,i m sorry but i am unable to process your request at this ti,0.1667,0.0714,audio/english/chatterbox_05.wav
english,chatterbox,6,Welcome to our customer support line. How may I help you tod,Welcome to our customer support line. How may I help you tod,welcome to our customer support line how may i help you toda,welcome to our customer support line how may i help you toda,0.0,0.0,audio/english/chatterbox_06.wav
english,chatterbox,7,The package will be delivered between nine AM and twelve PM ,The package will be delivered between 9 a.m. and 12 p.m. tom,the package will be delivered between 9 am and 12 pm tomorro,the package will be delivered between 9 am and 12 pm tomorro,0.3333,0.0,audio/english/chatterbox_07.wav
english,chatterbox,8,Could you please repeat that? I didn't quite catch what you ,Could you please repeat that? I didn't quite catch what you ,could you please repeat that i didn t quite catch what you s,could you please repeat that i didn t quite catch what you s,0.0,0.0,audio/english/chatterbox_08.wav
english,chatterbox,9,Thank you for your patience. Your call is very important to ,Thank you for your patience. Your call is very important to ,thank you for your patience your call is very important to u,thank you for your patience your call is very important to u,0.0,0.0,audio/english/chatterbox_09.wav
english,xtts_v2,0,The quick brown fox jumps over the lazy dog near the riverba,The quick brown fox jumps over the lazy dog near the riverba,the quick brown fox jumps over the lazy dog near the riverba,the quick brown fox jumps over the lazy dog near the riverba,0.0,0.0,audio/english/xtts_v2_00.wav
english,xtts_v2,1,Good morning! I'd like to schedule a meeting for next Tuesda,Good morning. I'd like to schedule a meeting for next Tuesda,good morning i d like to schedule a meeting for next tuesday,good morning i d like to schedule a meeting for next tuesday,0.2143,0.0,audio/english/xtts_v2_01.wav
english,xtts_v2,2,Our quarterly revenue increased by twelve point five percent,Our quarterly revenue increased by 12.5% compared to last ye,our quarterly revenue increased by 12 5 percent compared to ,our quarterly revenue increased by 12 5 compared to last yea,0.3077,0.0833,audio/english/xtts_v2_02.wav
english,xtts_v2,3,Please contact John Smith at extension four two seven for fu,please contact John Smith at extension 427 for further assis,please contact john smith at extension 4 2 7 for further ass,please contact john smith at extension 427 for further assis,0.25,0.25,audio/english/xtts_v2_03.wav
english,xtts_v2,4,The weather forecast predicts scattered thunderstorms throug,The weather forecast predicts scattered thunderstorms throug,the weather forecast predicts scattered thunderstorms throug,the weather forecast predicts scattered thunderstorms throug,0.0,0.0,audio/english/xtts_v2_04.wav
english,xtts_v2,5,"I'm sorry, but I'm unable to process your request at this ti","I'm sorry, but I'm unable to process your request at this ti",i m sorry but i m unable to process your request at this tim,i m sorry but i m unable to process your request at this tim,0.0,0.0,audio/english/xtts_v2_05.wav
english,xtts_v2,6,Welcome to our customer support line. How may I help you tod,Welcome to our customer support line.  How may I help you to,welcome to our customer support line how may i help you toda,welcome to our customer support line how may i help you toda,0.0,0.0,audio/english/xtts_v2_06.wav
english,xtts_v2,7,The package will be delivered between nine AM and twelve PM ,The package will be delivered between 9 am and 12 pm tomorro,the package will be delivered between 9 am and 12 pm tomorro,the package will be delivered between 9 am and 12 pm tomorro,0.1667,0.0,audio/english/xtts_v2_07.wav
english,xtts_v2,8,Could you please repeat that? I didn't quite catch what you ,Could you please repeat that?  I didn't quite catch what you,could you please repeat that i didn t quite catch what you s,could you please repeat that i didn t quite catch what you s,0.0,0.0,audio/english/xtts_v2_08.wav
english,xtts_v2,9,Thank you for your patience. Your call is very important to ,Thank you for your patience. Your call is very important to ,thank you for your patience your call is very important to u,thank you for your patience your call is very important to u,0.0,0.0,audio/english/xtts_v2_09.wav
arabic,f5_tts,0,مرحبا بكم في خدمة العملاء. كيف يمكنني مساعدتكم اليوم؟,ماربان بيكم في كيدمت أل أمالة  كيف يونكينوني موزة أداتوكم أل,مرحبا بكم في خدمه العملاء كيف يمكنني مساعدتكم اليوم,ماربان بيكم في كيدمت ال اماله كيف يونكينوني موزه اداتوكم الي,1.0,1.0,audio/arabic/f5_tts_00.wav
arabic,f5_tts,1,الطقس اليوم مشمس مع درجة حرارة تصل إلى خمسة وثلاثين درجة مئو,ترجمة نانسي قنقر,الطقس اليوم مشمس مع درجه حراره تصل الي خمسه 30 درجه مئويه,ترجمه نانسي قنقر,1.0,1.0,audio/arabic/f5_tts_01.wav
arabic,f5_tts,2,يرجى الاتصال بنا على الرقم صفر واحد اثنان ثلاثة أربعة خمسة.,يرجى الْإِدْصَالُ بَيْنَ عَلَى الْرَكْهِمْ سَفَرْ وَهِدْ إِث,يرجي الاتصال بنا علي الرقم 0 1 2 ثلاثه اربعه خمسه,يرجي الادصال بين علي الركهم سفر وهد اثنن ثلثا اربع كامزا,0.9091,0.8182,audio/arabic/f5_tts_02.wav
arabic,f5_tts,3,شكراً لصبركم. سيتم تحويل مكالمتكم إلى القسم المختص.,شكرًا لك سابركم  سيئتم تهيل مكلمتكم إيلى  أل-كوزمال مكتاس,شكرا لصبركم سيتم تحويل مكالمتكم الي القسم المختص,شكرا لك سابركم سيئتم تهيل مكلمتكم ايلي ال كوزمال مكتاس,1.125,1.125,audio/arabic/f5_tts_03.wav
arabic,f5_tts,4,موعد الاجتماع القادم يوم الأحد الساعة العاشرة صباحاً.,معدل اجتماع القادم يوم العهدال سعال اشرا سابحان,موعد الاجتماع القادم يوم الاحد الساعه العاشره صباحا,معدل اجتماع القادم يوم العهدال سعال اشرا سابحان,0.75,0.75,audio/arabic/f5_tts_04.wav
arabic,f5_tts,5,نعتذر عن أي إزعاج قد سببناه لكم ونعدكم بتحسين خدماتنا.,ناطدرو آين آيزيجن كاد سابابنهولا كوموا ناهدكم باي تسيني كادم,نعتذر عن اي ازعاج قد سببناه لكم ونعدكم بتحسين خدماتنا,ناطدرو اين ايزيجن كاد سابابنهولا كوموا ناهدكم باي تسيني كادم,1.0,1.0,audio/arabic/f5_tts_05.wav
arabic,f5_tts,6,يمكنكم زيارة موقعنا الإلكتروني للاطلاع على أحدث العروض والخص,يوم كينوكم زياراتو ماركي إنا آل إلكتروني ليل إديتيلة آلا آدا,يمكنكم زياره موقعنا الالكتروني للاطلاع علي احدث العروض والخص,يوم كينوكم زياراتو ماركي انا ال الكتروني ليل اديتيله الا ادا,1.6667,1.6667,audio/arabic/f5_tts_06.wav
arabic,f5_tts,7,تم إرسال الطلب بنجاح وسيتم التوصيل خلال ثلاثة أيام عمل.,تاما إرسل أو  تالب باي  ناجا و  سايتم أو  توسيل كيلو ثالثت  ,تم ارسال الطلب بنجاح وسيتم التوصيل خلال ثلاثه ايام عمل,تاما ارسل او تالب باي ناجا و سايتم او توسيل كيلو ثالثت ايام ,1.4,1.3,audio/arabic/f5_tts_07.wav
arabic,f5_tts,8,هل تريد الاستمرار في اللغة العربية أم التحويل إلى اللغة الإن,ترجمة نانسي قنقر,هل تريد الاستمرار في اللغه العربيه ام التحويل الي اللغه الان,ترجمه نانسي قنقر,1.0,1.0,audio/arabic/f5_tts_08.wav
arabic,f5_tts,9,مع السلامة ونتمنى لكم يوماً سعيداً.,موال سلامة وندمان اللقوم يومن سيدن,مع السلامه ونتمني لكم يوما سعيدا,موال سلامه وندمان اللقوم يومن سيدن,1.0,1.0,audio/arabic/f5_tts_09.wav
arabic,mms_tts,0,مرحبا بكم في خدمة العملاء. كيف يمكنني مساعدتكم اليوم؟,مرحبا بكم في خدمة العملاء كيف يمكنني مساعدتكم اليوم؟,مرحبا بكم في خدمه العملاء كيف يمكنني مساعدتكم اليوم,مرحبا بكم في خدمه العملاء كيف يمكنني مساعدتكم اليوم,0.1111,0.0,audio/arabic/mms_tts_00.wav
arabic,mms_tts,1,الطقس اليوم مشمس مع درجة حرارة تصل إلى خمسة وثلاثين درجة مئو,تقس اليوم مشمس  مع درجة حرارة  تصل إلى خمسة  وثلاثين درجة  م,الطقس اليوم مشمس مع درجه حراره تصل الي خمسه 30 درجه مئويه,تقس اليوم مشمس مع درجه حراره تصل الي خمسه 30 درجه مئويه لن,0.25,0.1667,audio/arabic/mms_tts_01.wav
arabic,mms_tts,2,يرجى الاتصال بنا على الرقم صفر واحد اثنان ثلاثة أربعة خمسة.,يجل اتصال بنا على الرقم الصفر 1-2-3-4-5,يرجي الاتصال بنا علي الرقم 0 1 2 ثلاثه اربعه خمسه,يجل اتصال بنا علي الرقم ال0 1 2 3 4 5,0.7273,0.5455,audio/arabic/mms_tts_02.wav
arabic,mms_tts,3,شكراً لصبركم. سيتم تحويل مكالمتكم إلى القسم المختص.,فكان لصبركم سيتم تحويل مكالمتكم إلى القسم المختص,شكرا لصبركم سيتم تحويل مكالمتكم الي القسم المختص,فكان لصبركم سيتم تحويل مكالمتكم الي القسم المختص,0.375,0.125,audio/arabic/mms_tts_03.wav
arabic,mms_tts,4,موعد الاجتماع القادم يوم الأحد الساعة العاشرة صباحاً.,وعد الاجتماع القادم يوم الأحد الساعة العاشرة صباحي,موعد الاجتماع القادم يوم الاحد الساعه العاشره صباحا,وعد الاجتماع القادم يوم الاحد الساعه العاشره صباحي,0.25,0.25,audio/arabic/mms_tts_04.wav
arabic,mms_tts,5,نعتذر عن أي إزعاج قد سببناه لكم ونعدكم بتحسين خدماتنا.,نعتذر عن أي إزعاج قد سببناه لكم  ونعدكم بتحسين خدماتنا,نعتذر عن اي ازعاج قد سببناه لكم ونعدكم بتحسين خدماتنا,نعتذر عن اي ازعاج قد سببناه لكم ونعدكم بتحسين خدماتنا,0.1,0.0,audio/arabic/mms_tts_05.wav
arabic,mms_tts,6,يمكنكم زيارة موقعنا الإلكتروني للاطلاع على أحدث العروض والخص,يمكنكم زيارة موقعنا الإلكترون للاطلاع على أحدث العروض والخصو,يمكنكم زياره موقعنا الالكتروني للاطلاع علي احدث العروض والخص,يمكنكم زياره موقعنا الالكترون للاطلاع علي احدث العروض والخصو,0.2222,0.2222,audio/arabic/mms_tts_06.wav
arabic,mms_tts,7,تم إرسال الطلب بنجاح وسيتم التوصيل خلال ثلاثة أيام عمل.,تم إرسال الطرب بالنجاح وسيتم التوصيل خلال ثلاثة أيام عملي,تم ارسال الطلب بنجاح وسيتم التوصيل خلال ثلاثه ايام عمل,تم ارسال الطرب بالنجاح وسيتم التوصيل خلال ثلاثه ايام عملي,0.3,0.3,audio/arabic/mms_tts_07.wav
arabic,mms_tts,8,هل تريد الاستمرار في اللغة العربية أم التحويل إلى اللغة الإن,هتريد الاستمرار في اللغة العربية أم التحويل إلى اللغة الإنجل,هل تريد الاستمرار في اللغه العربيه ام التحويل الي اللغه الان,هتريد الاستمرار في اللغه العربيه ام التحويل الي اللغه الانجل,0.1818,0.1818,audio/arabic/mms_tts_08.wav
arabic,mms_tts,9,مع السلامة ونتمنى لكم يوماً سعيداً.,مع السلامة وانتمنى لكم يومنا السعيدة,مع السلامه ونتمني لكم يوما سعيدا,مع السلامه وانتمني لكم يومنا السعيده,0.5,0.5,audio/arabic/mms_tts_09.wav
arabic,xtts_v2,0,مرحبا بكم في خدمة العملاء. كيف يمكنني مساعدتكم اليوم؟,مرحبا بكم في خدمة العملاء. كيف يمكنني مساعدتكم اليوم؟,مرحبا بكم في خدمه العملاء كيف يمكنني مساعدتكم اليوم,مرحبا بكم في خدمه العملاء كيف يمكنني مساعدتكم اليوم,0.0,0.0,audio/arabic/xtts_v2_00.wav
arabic,xtts_v2,1,الطقس اليوم مشمس مع درجة حرارة تصل إلى خمسة وثلاثين درجة مئو,التقس اليوم مشمس مع درجة حرارة تصل إلى 35 درجة مئوية.,الطقس اليوم مشمس مع درجه حراره تصل الي خمسه 30 درجه مئويه,التقس اليوم مشمس مع درجه حراره تصل الي 35 درجه مئويه,0.25,0.25,audio/arabic/xtts_v2_01.wav
arabic,xtts_v2,2,يرجى الاتصال بنا على الرقم صفر واحد اثنان ثلاثة أربعة خمسة.,يرى الاتصال بنا على الرقم سفر واحد اثنين ثلاثة أربعة خمسة.,يرجي الاتصال بنا علي الرقم 0 1 2 ثلاثه اربعه خمسه,يري الاتصال بنا علي الرقم سفر 1 اثنين ثلاثه اربعه خمسه,0.2727,0.2727,audio/arabic/xtts_v2_02.wav
arabic,xtts_v2,3,شكراً لصبركم. سيتم تحويل مكالمتكم إلى القسم المختص.,شكرا لصبركم. سيتم تحويل مكالمتكم إلى القسم المختص.,شكرا لصبركم سيتم تحويل مكالمتكم الي القسم المختص,شكرا لصبركم سيتم تحويل مكالمتكم الي القسم المختص,0.125,0.0,audio/arabic/xtts_v2_03.wav
arabic,xtts_v2,4,موعد الاجتماع القادم يوم الأحد الساعة العاشرة صباحاً.,موعد الاجتماع القادم يوم الأحد الساعة العاشرة صباحا,موعد الاجتماع القادم يوم الاحد الساعه العاشره صباحا,موعد الاجتماع القادم يوم الاحد الساعه العاشره صباحا,0.125,0.0,audio/arabic/xtts_v2_04.wav
arabic,xtts_v2,5,نعتذر عن أي إزعاج قد سببناه لكم ونعدكم بتحسين خدماتنا.,نعتذر عن أي إزعاج قد سببناه لكم، ونعدكم بتحسين خدماتنا.,نعتذر عن اي ازعاج قد سببناه لكم ونعدكم بتحسين خدماتنا,نعتذر عن اي ازعاج قد سببناه لكم ونعدكم بتحسين خدماتنا,0.1,0.0,audio/arabic/xtts_v2_05.wav
arabic,xtts_v2,6,يمكنكم زيارة موقعنا الإلكتروني للاطلاع على أحدث العروض والخص,يمكنكم زيارة موقعنا الإلكتروني للإدراع على أحدث العروض والخص,يمكنكم زياره موقعنا الالكتروني للاطلاع علي احدث العروض والخص,يمكنكم زياره موقعنا الالكتروني للادراع علي احدث العروض والخص,0.2222,0.1111,audio/arabic/xtts_v2_06.wav
arabic,xtts_v2,7,تم إرسال الطلب بنجاح وسيتم التوصيل خلال ثلاثة أيام عمل.,تم إرسال الطلب بنجاح وسيتم التوصيل خلال ثلاثة أيام عمل.,تم ارسال الطلب بنجاح وسيتم التوصيل خلال ثلاثه ايام عمل,تم ارسال الطلب بنجاح وسيتم التوصيل خلال ثلاثه ايام عمل,0.0,0.0,audio/arabic/xtts_v2_07.wav
arabic,xtts_v2,8,هل تريد الاستمرار في اللغة العربية أم التحويل إلى اللغة الإن,هل تريد الاستمرار في اللغة العربية؟  أم التحويل إلى اللغة ال,هل تريد الاستمرار في اللغه العربيه ام التحويل الي اللغه الان,هل تريد الاستمرار في اللغه العربيه ام التحويل الي اللغه الان,0.0909,0.0,audio/arabic/xtts_v2_08.wav
arabic,xtts_v2,9,مع السلامة ونتمنى لكم يوماً سعيداً.,مع السلامة ونتمنى لكم يوما سعيدا,مع السلامه ونتمني لكم يوما سعيدا,مع السلامه ونتمني لكم يوما سعيدا,0.3333,0.0,audio/arabic/xtts_v2_09.wav
hindi,f5_tts,0,"नमस्ते, हमारी ग्राहक सेवा में आपका स्वागत है। मैं आपकी कैसे ",नमास्त हमारी ग्रहक सेवा मेण अपका स्वागत हाई  मेण अपकी केज मा,नमस त हम र ग र हक स व म आपक स व गत ह म आपक क स मदद कर सकत ह,नम स त हम र ग रहक स व म ण अपक स व गत ह ई म ण अपक क ज म दद कर,0.8,0.6522,audio/hindi/f5_tts_00.wav
hindi,f5_tts,1,आज का मौसम साफ रहेगा और तापमान पैंतीस डिग्री तक पहुँच सकता ह,आजकाई माजाम साफ रहीगा आर तापमान पेंटिस डिग्री टाकपाहंच साक्त,आज क म सम स फ रह ग और त पम न प 30 ड ग र तक पह च सकत ह,आजक ई म ज म स फ रह ग आर त पम न प ट स ड ग र ट कप ह च स क तह ई,0.7692,0.6364,audio/hindi/f5_tts_01.wav
hindi,f5_tts,2,कृपया अपना ऑर्डर नंबर बताएं ताकि हम आपकी शिकायत दर्ज कर सकें,कृपिया अपना ओर्डर नंबर बेटेयन टाकीहम  अपकी शीकायत डार्जकार स,क पय अपन ऑर डर न बर बत ए त क हम आपक श क यत दर ज कर सक,क प य अपन ओर डर न बर ब ट यन ट क हम अपक श क यत ड र जक र स कन,0.8333,0.7,audio/hindi/f5_tts_02.wav
hindi,f5_tts,3,आपका पैकेज कल सुबह नौ बजे से दोपहर बारह बजे के बीच डिलीवर कि,अपका पैकेज काल सुबनाओ बेजी सी डोपहार बेरा बेजी की बीच डिलिवर,आपक प क ज कल स बह 9 बज स 2पहर 12 बज क ब च ड ल वर क य ज एग,अपक प क ज क ल स बन ओ ब ज स ड पह र ब र ब ज क ब च ड ल वर क य ज,0.8,0.6957,audio/hindi/f5_tts_03.wav
hindi,f5_tts,4,धन्यवाद आपके धैर्य के लिए। आपकी कॉल हमारे लिए बहुत महत्वपूर्,डानियवाद अपकी देर्यकी लाई  अपकी कॉल हमेर लाई बहुत महत्वपर्णा,धन यव द आपक ध र य क ल ए आपक क ल हम र ल ए बह त महत वप र ण ह,ड न यव द अपक द र यक ल ई अपक क ल हम र ल ई बह त महत वपर ण ह ई,0.8333,0.5,audio/hindi/f5_tts_04.wav
hindi,f5_tts,5,क्या आप कृपया दोबारा बता सकते हैं? मैंने ठीक से नहीं सुना।,काया अप कृपया दुबारा बादा साक्तहेन में थीक सिनाही सुना,क य आप क पय 2ब र बत सकत ह म न ठ क स नह स न,क य अप क पय द ब र ब द स क तह न म थ क स न ह स न,0.9167,0.6667,audio/hindi/f5_tts_05.wav
hindi,f5_tts,6,हमारी नई योजना में असीमित कॉलिंग और पचास जीबी डेटा शामिल है।,हमारी नई योजन मेने सीमिट कॉलिंग आर पैचाज जी बी डेटा शेमिल हा,हम र नई य जन म अस म त क ल ग और 50 ज ब ड ट श म ल ह,हम र नई य जन म न स म ट क ल ग आर प च ज ज ब ड ट श म ल ह ई,0.75,0.3636,audio/hindi/f5_tts_06.wav
hindi,f5_tts,7,आपका खाता सफलतापूर्वक अपडेट कर दिया गया है।,अपकका काटा साफल्टपोर्वाक अपडेट कार दिया गाया हाई,आपक ख त सफलत प र वक अपड ट कर द य गय ह,अपकक क ट स फल टप र व क अपड ट क र द य ग य ह ई,0.75,0.9286,audio/hindi/f5_tts_07.wav
hindi,f5_tts,8,अगली बैठक सोमवार को सुबह दस बजे निर्धारित की गई है।,अगली बेथक सम्वार कोसुबा डेस बेजी नर्धारत काई गाई हाई,अगल ब ठक स मव र क स बह 10 बज न र ध र त क गई ह,अगल ब थक सम व र क स ब ड स ब ज नर ध रत क ई ग ई ह ई,0.9091,0.7895,audio/hindi/f5_tts_08.wav
hindi,f5_tts,9,"शुभ रात्रि, और हमसे संपर्क करने के लिए धन्यवाद।",शब्रेयाच्री आरहम्स संपार्ककार्ण कीलाई दान्यावाद,श भ र त र और हमस स पर क करन क ल ए धन यव द,शब र य च र आरहम स स प र कक र ण क ल ई द न य व द,1.0,0.9412,audio/hindi/f5_tts_09.wav
hindi,indic_parler,0,"नमस्ते, हमारी ग्राहक सेवा में आपका स्वागत है। मैं आपकी कैसे ",नमस्ते  हमारी क्या शीवा भी अपने स्या होते हैं  मैं आप लिए प्,नमस त हम र ग र हक स व म आपक स व गत ह म आपक क स मदद कर सकत ह,नमस त हम र क य श व भ अपन स य ह त ह म आप ल ए प रश न य तक बह त,1.6667,1.3043,audio/hindi/indic_parler_00.wav
hindi,indic_parler,1,आज का मौसम साफ रहेगा और तापमान पैंतीस डिग्री तक पहुँच सकता ह,अच्छा मूशं साफ रहे आता फर्मान पाइक्टिस्टीरी भी भी खेल विदिशू,आज क म सम स फ रह ग और त पम न प 30 ड ग र तक पह च सकत ह,अच छ म श स फ रह आत फर म न प इक ट स ट र भ भ ख ल व द श र ण,0.9231,0.9091,audio/hindi/indic_parler_01.wav
hindi,indic_parler,2,कृपया अपना ऑर्डर नंबर बताएं ताकि हम आपकी शिकायत दर्ज कर सकें,शुरुपा शकाल पुरस। गड़ी।,क पय अपन ऑर डर न बर बत ए त क हम आपक श क यत दर ज कर सक,श र प शक ल प रस गड,1.0,1.0,audio/hindi/indic_parler_02.wav
hindi,indic_parler,3,आपका पैकेज कल सुबह नौ बजे से दोपहर बारह बजे के बीच डिलीवर कि,अब मैं शुरौतियां जाएगा जीवन में जाएगा जीवन में जाएगा  अब मैं,आपक प क ज कल स बह 9 बज स 2पहर 12 बज क ब च ड ल वर क य ज एग,अब म श र त य ज एग ज वन म ज एग ज वन म ज एग अब म श र त य ज एग,1.0,0.9565,audio/hindi/indic_parler_03.wav
hindi,indic_parler,4,धन्यवाद आपके धैर्य के लिए। आपकी कॉल हमारे लिए बहुत महत्वपूर्,धन्यवाद आपके दाजे लिए  तीजी निर्भामारी अपने तरह लिए इतने,धन यव द आपक ध र य क ल ए आपक क ल हम र ल ए बह त महत वप र ण ह,धन यव द आपक द ज ल ए त ज न र भ म र अपन तरह ल ए इतन,0.75,0.7083,audio/hindi/indic_parler_04.wav
hindi,indic_parler,5,क्या आप कृपया दोबारा बता सकते हैं? मैंने ठीक से नहीं सुना।,या इतकी वाद नहीं रखना जाएगा या इतकी वाद नहीं रखना जाएगा,क य आप क पय 2ब र बत सकत ह म न ठ क स नह स न,य इतक व द नह रखन ज एग य इतक व द नह रखन ज एग,1.0,0.9444,audio/hindi/indic_parler_05.wav
hindi,indic_parler,6,हमारी नई योजना में असीमित कॉलिंग और पचास जीबी डेटा शामिल है।,कमारी भी राम्ली से भी देवों नरद्रप्षिलेश रेट्टिंग या चिंक्रा,हम र नई य जन म अस म त क ल ग और 50 ज ब ड ट श म ल ह,कम र भ र म ल स भ द व नरद रप ष ल श र ट ट ग य च क र इश भ श प र,1.1667,1.2727,audio/hindi/indic_parler_06.wav
hindi,indic_parler,7,आपका खाता सफलतापूर्वक अपडेट कर दिया गया है।,अकेशा के सिद्धिताओं में मुझे दिया जाएगा अपने अपने मुझे दिया ,आपक ख त सफलत प र वक अपड ट कर द य गय ह,अक श क स द ध त ओ म म झ द य ज एग अपन अपन म झ द य ज एग अपन म झ,1.875,1.9286,audio/hindi/indic_parler_07.wav
hindi,indic_parler,8,अगली बैठक सोमवार को सुबह दस बजे निर्धारित की गई है।,कज़ी बैटुक सुन्दर को सुबादावे के निवात निवात निवात निवात निव,अगल ब ठक स मव र क स बह 10 बज न र ध र त क गई ह,कज ब ट क स न दर क स ब द व क न व त न व त न व त न व त न व त न ,1.0909,1.4737,audio/hindi/indic_parler_08.wav
hindi,indic_parler,9,"शुभ रात्रि, और हमसे संपर्क करने के लिए धन्यवाद।","शुद्धि वर्ग्रेज आ गई थे, विरसि वापर कमाई, विरसि वर्ग्रेज आ ग",श भ र त र और हमस स पर क करन क ल ए धन यव द,श द ध वर ग र ज आ गई थ व रस व पर कम ई व रस वर ग र ज आ गई व रस,1.7778,1.7059,audio/hindi/indic_parler_09.wav
hindi,mms_tts,0,"नमस्ते, हमारी ग्राहक सेवा में आपका स्वागत है। मैं आपकी कैसे ","नमस्ते हमारी ग्राहक सेवा में आपका स्वागत है, मैं आपकी कैसे म",नमस त हम र ग र हक स व म आपक स व गत ह म आपक क स मदद कर सकत ह,नमस त हम र ग र हक स व म आपक स व गत ह म आपक क स मदद कर सकत ह,0.1333,0.0,audio/hindi/mms_tts_00.wav
hindi,mms_tts,1,आज का मौसम साफ रहेगा और तापमान पैंतीस डिग्री तक पहुँच सकता ह,आज का मौसम साफ रहेगा और तपमान तीस दिगरी तक पहुँच सकता है,आज क म सम स फ रह ग और त पम न प 30 ड ग र तक पह च सकत ह,आज क म सम स फ रह ग और तपम न 30 द गर तक पह च सकत ह,0.3077,0.2727,audio/hindi/mms_tts_01.wav
hindi,mms_tts,2,कृपया अपना ऑर्डर नंबर बताएं ताकि हम आपकी शिकायत दर्ज कर सकें,हेपिया अपना अर्गन नंबर बताएं ताकि हम आपके शिकायक दर्ज कर सके,क पय अपन ऑर डर न बर बत ए त क हम आपक श क यत दर ज कर सक,ह प य अपन अर गन न बर बत ए त क हम आपक श क यक दर ज कर सक,0.4167,0.3,audio/hindi/mms_tts_02.wav
hindi,mms_tts,3,आपका पैकेज कल सुबह नौ बजे से दोपहर बारह बजे के बीच डिलीवर कि,आपका पैकेज कर सुबह 9 बजे से दोपहर 12 बजे के बीच डिलीवे किया ,आपक प क ज कल स बह 9 बज स 2पहर 12 बज क ब च ड ल वर क य ज एग,आपक प क ज कर स बह 9 बज स 2पहर 12 बज क ब च ड ल व क य ज एग,0.3333,0.087,audio/hindi/mms_tts_03.wav
hindi,mms_tts,4,धन्यवाद आपके धैर्य के लिए। आपकी कॉल हमारे लिए बहुत महत्वपूर्,धन्यवाद आपके धहरे के लिए आपकी कौल हमारे लिए बहुत महत्तकून है,धन यव द आपक ध र य क ल ए आपक क ल हम र ल ए बह त महत वप र ण ह,धन यव द आपक धहर क ल ए आपक क ल हम र ल ए बह त महत तक न ह,0.4167,0.25,audio/hindi/mms_tts_04.wav
hindi,mms_tts,5,क्या आप कृपया दोबारा बता सकते हैं? मैंने ठीक से नहीं सुना।,क्या आप कृपिया दोबारा बता सकते हैं? मैंने ठीक से नहीं सुनो.,क य आप क पय 2ब र बत सकत ह म न ठ क स नह स न,क य आप क प य 2ब र बत सकत ह म न ठ क स नह स न,0.1667,0.1111,audio/hindi/mms_tts_05.wav
hindi,mms_tts,6,हमारी नई योजना में असीमित कॉलिंग और पचास जीबी डेटा शामिल है।,हमारी नई योजना में 80 मित कलिन और 50 जीवीके का शामिल है,हम र नई य जन म अस म त क ल ग और 50 ज ब ड ट श म ल ह,हम र नई य जन म 80 म त कल न और 50 ज व क क श म ल ह,0.5833,0.3182,audio/hindi/mms_tts_06.wav
hindi,mms_tts,7,आपका खाता सफलतापूर्वक अपडेट कर दिया गया है।,आपका खाता सहलता खुरव अपेट कर दिया गया है,आपक ख त सफलत प र वक अपड ट कर द य गय ह,आपक ख त सहलत ख रव अप ट कर द य गय ह,0.5,0.3571,audio/hindi/mms_tts_07.wav
hindi,mms_tts,8,अगली बैठक सोमवार को सुबह दस बजे निर्धारित की गई है।,अगली बैक एक सुमवार को सुबारा 10 बजे निधारित की गई है,अगल ब ठक स मव र क स बह 10 बज न र ध र त क गई ह,अगल ब क 1 स मव र क स ब र 10 बज न ध र त क गई ह,0.6364,0.2632,audio/hindi/mms_tts_08.wav
hindi,mms_tts,9,"शुभ रात्रि, और हमसे संपर्क करने के लिए धन्यवाद।",शुब रात्री और हम से संपर्क करने के लिए धन्यवार,श भ र त र और हमस स पर क करन क ल ए धन यव द,श ब र त र और हम स स पर क करन क ल ए धन यव र,0.5556,0.2353,audio/hindi/mms_tts_09.wav
hindi,xtts_v2,0,"नमस्ते, हमारी ग्राहक सेवा में आपका स्वागत है। मैं आपकी कैसे ","नमस्ते, हमारी ग्राहक सेवा में आपका स्वागत है, मैं आपकी कैसे ",नमस त हम र ग र हक स व म आपक स व गत ह म आपक क स मदद कर सकत ह,नमस त हम र ग र हक स व म आपक स व गत ह म आपक क स मदद कर सकत ह,0.0667,0.0,audio/hindi/xtts_v2_00.wav
hindi,xtts_v2,1,आज का मौसम साफ रहेगा और तापमान पैंतीस डिग्री तक पहुँच सकता ह,आज का मौसम साफ रहेगा और तापमान 32 डिग्री तक पहुँच सकता है.,आज क म सम स फ रह ग और त पम न प 30 ड ग र तक पह च सकत ह,आज क म सम स फ रह ग और त पम न 32 ड ग र तक पह च सकत ह,0.1538,0.0909,audio/hindi/xtts_v2_01.wav
hindi,xtts_v2,2,कृपया अपना ऑर्डर नंबर बताएं ताकि हम आपकी शिकायत दर्ज कर सकें,"कृपया, अपना और नंबर बताएं, ताकि हम आपकी शिकायत दर्च कर सकें.",क पय अपन ऑर डर न बर बत ए त क हम आपक श क यत दर ज कर सक,क पय अपन और न बर बत ए त क हम आपक श क यत दर च कर सक,0.4167,0.15,audio/hindi/xtts_v2_02.wav
hindi,xtts_v2,3,आपका पैकेज कल सुबह नौ बजे से दोपहर बारह बजे के बीच डिलीवर कि,आपका पैकेज कल सुबह 9 बजे से दोपहर 12 बजे के बीच डिलिवर किया ,आपक प क ज कल स बह 9 बज स 2पहर 12 बज क ब च ड ल वर क य ज एग,आपक प क ज कल स बह 9 बज स 2पहर 12 बज क ब च ड ल वर क य ज एग,0.2667,0.0,audio/hindi/xtts_v2_03.wav
hindi,xtts_v2,4,धन्यवाद आपके धैर्य के लिए। आपकी कॉल हमारे लिए बहुत महत्वपूर्,धन्यवाद आपके धैर्य के लिए. आपकी कॉल हमारे लिए बहुत महत्वपूर्,धन यव द आपक ध र य क ल ए आपक क ल हम र ल ए बह त महत वप र ण ह,धन यव द आपक ध र य क ल ए आपक क ल हम र ल ए बह त महत वप र ण ह,0.1667,0.0,audio/hindi/xtts_v2_04.wav
hindi,xtts_v2,5,क्या आप कृपया दोबारा बता सकते हैं? मैंने ठीक से नहीं सुना।,"क्या कृपया दोबारा बता सकती है, मैंने ठीक से नहीं सुना हूँ।",क य आप क पय 2ब र बत सकत ह म न ठ क स नह स न,क य क पय 2ब र बत सकत ह म न ठ क स नह स न ह,0.4167,0.1111,audio/hindi/xtts_v2_05.wav
hindi,xtts_v2,6,हमारी नई योजना में असीमित कॉलिंग और पचास जीबी डेटा शामिल है।,हमारी नई योजना में असीमित कॉलिंग और 50 GB डेटा शामिल है.,हम र नई य जन म अस म त क ल ग और 50 ज ब ड ट श म ल ह,हम र नई य जन म अस म त क ल ग और 50 gb ड ट श म ल ह,0.25,0.0909,audio/hindi/xtts_v2_06.wav
hindi,xtts_v2,7,आपका खाता सफलतापूर्वक अपडेट कर दिया गया है।,आपका खाता सफलता पूर्वक अपडेट कर दिया गया है.,आपक ख त सफलत प र वक अपड ट कर द य गय ह,आपक ख त सफलत प र वक अपड ट कर द य गय ह,0.375,0.0,audio/hindi/xtts_v2_07.wav
hindi,xtts_v2,8,अगली बैठक सोमवार को सुबह दस बजे निर्धारित की गई है।,अगली बैठक सोम्बार को सुबह दस बजे निर्धारित की गई है।,अगल ब ठक स मव र क स बह 10 बज न र ध र त क गई ह,अगल ब ठक स म ब र क स बह 10 बज न र ध र त क गई ह,0.0909,0.1053,audio/hindi/xtts_v2_08.wav
hindi,xtts_v2,9,"शुभ रात्रि, और हमसे संपर्क करने के लिए धन्यवाद।",शुबरात्री और हम से संपर्ख करने के लिए धन्यवाद।,श भ र त र और हमस स पर क करन क ल ए धन यव द,श बर त र और हम स स पर ख करन क ल ए धन यव द,0.5556,0.2941,audio/hindi/xtts_v2_09.wav
english,f5_tts,0,The quick brown fox jumps over the lazy dog near the riverba,The quick brown fox jumps over the lazy dog near the riverba,the quick brown fox jumps over the lazy dog near the riverba,the quick brown fox jumps over the lazy dog near the riverba,0.0,0.0,audio/english/f5_tts_00.wav
english,f5_tts,1,Good morning! I'd like to schedule a meeting for next Tuesda,Good morning. I'd like to schedule a meeting for next Tuesda,good morning i d like to schedule a meeting for next tuesday,good morning i d like to schedule a meeting for next tuesday,0.2143,0.0,audio/english/f5_tts_01.wav
english,f5_tts,2,Our quarterly revenue increased by twelve point five percent,Our quarterly revenue increased by 12.5% compared to last ye,our quarterly revenue increased by 12 5 percent compared to ,our quarterly revenue increased by 12 5 compared to last yea,0.3077,0.0833,audio/english/f5_tts_02.wav
english,f5_tts,3,Please contact John Smith at extension four two seven for fu,Please contact John Smith at extension 427 for further assis,please contact john smith at extension 4 2 7 for further ass,please contact john smith at extension 427 for further assis,0.25,0.25,audio/english/f5_tts_03.wav
english,f5_tts,4,The weather forecast predicts scattered thunderstorms throug,The weather forecast predicts scattered thunderstorms throug,the weather forecast predicts scattered thunderstorms throug,the weather forecast predicts scattered thunderstorms throug,0.0,0.0,audio/english/f5_tts_04.wav
english,f5_tts,5,"I'm sorry, but I'm unable to process your request at this ti","I'm sorry, but I am unable to process your request at this t",i m sorry but i m unable to process your request at this tim,i m sorry but i am unable to process your request at this ti,0.1667,0.0714,audio/english/f5_tts_05.wav
english,f5_tts,6,Welcome to our customer support line. How may I help you tod,Welcome to our customer support line. How may I help you tod,welcome to our customer support line how may i help you toda,welcome to our customer support line how may i help you toda,0.0,0.0,audio/english/f5_tts_06.wav
english,f5_tts,7,The package will be delivered between nine AM and twelve PM ,The package will be delivered between 9 a.m. and 12 p.m. tom,the package will be delivered between 9 am and 12 pm tomorro,the package will be delivered between 9 am and 12 pm tomorro,0.3333,0.0,audio/english/f5_tts_07.wav
english,f5_tts,8,Could you please repeat that? I didn't quite catch what you ,Could you please repeat that? I didn't quite catch what you ,could you please repeat that i didn t quite catch what you s,could you please repeat that i didn t quite catch what you s,0.0,0.0,audio/english/f5_tts_08.wav
english,f5_tts,9,Thank you for your patience. Your call is very important to ,Thank you for your patience. Your call is very important to ,thank you for your patience your call is very important to u,thank you for your patience your call is very important to u,0.0,0.0,audio/english/f5_tts_09.wav
english,bark,0,The quick brown fox jumps over the lazy dog near the riverbank.,The something brown fox jumps over the lazy dog near the riverbank.,the quick brown fox jumps over the lazy dog near the riverbank.,the something brown fox jumps over the lazy dog near the riverbank.,0.1194,0.1194,audio/english/bark_00.wav
english,bark,1,Good morning! I'd like to schedule a meeting for next Tuesday at three PM.,Good morning! I'd like to schedule a meeting for something Tuesday at three PM.,good morning! i'd like to schedule a meeting for next tuesday at three pm.,good morning! i'd like to schedule a meeting for something tuesday at three pm.,0.1118,0.1118,audio/english/bark_01.wav
english,bark,2,Our quarterly revenue increased by twelve point five percent compared to last year.,Our something revenue increased by twelve point five percent compared to last year.,our quarterly revenue increased by twelve point five percent compared to last year.,our something revenue increased by twelve point five percent compared to last year.,0.1364,0.1364,audio/english/bark_02.wav
english,bark,3,Please contact John Smith at extension four two seven for further assistance.,Please contact John something at extension four two seven for further assistance.,please contact john smith at extension four two seven for further assistance.,please contact john something at extension four two seven for further assistance.,0.1134,0.1134,audio/english/bark_03.wav
english,bark,4,The weather forecast predicts scattered thunderstorms throughout the weekend.,The weather something predicts scattered thunderstorms throughout the weekend.,the weather forecast predicts scattered thunderstorms throughout the weekend.,the weather something predicts scattered thunderstorms throughout the weekend.,0.1241,0.1241,audio/english/bark_04.wav
english,bark,5,"I'm sorry, but I'm unable to process your request at this time.",I'm something but I'm unable to process your request at this time.,"i'm sorry, but i'm unable to process your request at this time.",i'm something but i'm unable to process your request at this time.,0.1347,0.1347,audio/english/bark_05.wav
english,bark,6,Welcome to our customer support line. How may I help you today?,Welcome to our customer support something How may I help you today?,welcome to our customer support line. how may i help you today?,welcome to our customer support something how may i help you today?,0.1334,0.1334,audio/english/bark_06.wav
english,bark,7,The package will be delivered between nine AM and twelve PM tomorrow.,The package will be delivered between nine something and twelve PM tomorrow.,the package will be delivered between nine am and twelve pm tomorrow.,the package will be delivered between nine something and twelve pm tomorrow.,0.1187,0.1187,audio/english/bark_07.wav
english,bark,8,Could you please repeat that? I didn't quite catch what you said.,Could you please repeat that? I didn't quite catch what you something,could you please repeat that? i didn't quite catch what you said.,could you please repeat that? i didn't quite catch what you something,0.1323,0.1323,audio/english/bark_08.wav
english,bark,9,Thank you for your patience. Your call is very important to us.,Thank you for your patience. Your call is very important something us.,thank you for your patience. your call is very important to us.,thank you for your patience. your call is very important something us.,0.1191,0.1191,audio/english/bark_09.wav
arabic,bark,0,مرحبا بكم في خدمة العملاء. كيف يمكنني مساعدتكم اليوم؟,مرحبا بكم في خدمة العملاء. كيف يمكنني مساعدتكم something,مرحبا بكم في خدمة العملاء. كيف يمكنني مساعدتكم اليوم؟,مرحبا بكم في خدمة العملاء. كيف يمكنني مساعدتكم something,0.1831,0.1831,audio/arabic/bark_00.wav
arabic,bark,1,الطقس اليوم مشمس مع درجة حرارة تصل إلى خمسة وثلاثين درجة مئوية.,الطقس اليوم مشمس مع درجة حرارة تصل إلى خمسة وثلاثين something مئوية.,الطقس اليوم مشمس مع درجة حرارة تصل إلى خمسة وثلاثين درجة مئوية.,الطقس اليوم مشمس مع درجة حرارة تصل إلى خمسة وثلاثين something مئوية.,0.1747,0.1747,audio/arabic/bark_01.wav
arabic,bark,2,يرجى الاتصال بنا على الرقم صفر واحد اثنان ثلاثة أربعة خمسة.,يرجى الاتصال something على الرقم صفر واحد اثنان ثلاثة أربعة خمسة.,يرجى الاتصال بنا على الرقم صفر واحد اثنان ثلاثة أربعة خمسة.,يرجى الاتصال something على الرقم صفر واحد اثنان ثلاثة أربعة خمسة.,0.1676,0.1676,audio/arabic/bark_02.wav
arabic,bark,3,شكراً لصبركم. سيتم تحويل مكالمتكم إلى القسم المختص.,شكراً something سيتم تحويل مكالمتكم إلى القسم المختص.,شكراً لصبركم. سيتم تحويل مكالمتكم إلى القسم المختص.,شكراً something سيتم تحويل مكالمتكم إلى القسم المختص.,0.1734,0.1734,audio/arabic/bark_03.wav
arabic,bark,4,موعد الاجتماع القادم يوم الأحد الساعة العاشرة صباحاً.,موعد الاجتماع something يوم الأحد الساعة العاشرة صباحاً.,موعد الاجتماع القادم يوم الأحد الساعة العاشرة صباحاً.,موعد الاجتماع something يوم الأحد الساعة العاشرة صباحاً.,0.1908,0.1908,audio/arabic/bark_04.wav
arabic,bark,5,نعتذر عن أي إزعاج قد سببناه لكم ونعدكم بتحسين خدماتنا.,نعتذر عن أي إزعاج قد سببناه لكم ونعدكم بتحسين something,نعتذر عن أي إزعاج قد سببناه لكم ونعدكم بتحسين خدماتنا.,نعتذر عن أي إزعاج قد سببناه لكم ونعدكم بتحسين something,0.1737,0.1737,audio/arabic/bark_05.wav
arabic,bark,6,يمكنكم زيارة موقعنا الإلكتروني للاطلاع على أحدث العروض والخصومات.,يمكنكم زيارة موقعنا الإلكتروني للاطلاع something أحدث العروض والخصومات.,يمكنكم زيارة موقعنا الإلكتروني للاطلاع على أحدث العروض والخصومات.,يمكنكم زيارة موقعنا الإلكتروني للاطلاع something أحدث العروض والخصومات.,0.1715,0.1715,audio/arabic/bark_06.wav
arabic,bark,7,تم إرسال الطلب بنجاح وسيتم التوصيل خلال ثلاثة أيام عمل.,تم إرسال الطلب بنجاح something التوصيل خلال ثلاثة أيام عمل.,تم إرسال الطلب بنجاح وسيتم التوصيل خلال ثلاثة أيام عمل.,تم إرسال الطلب بنجاح something التوصيل خلال ثلاثة أيام عمل.,0.1712,0.1712,audio/arabic/bark_07.wav
arabic,bark,8,هل تريد الاستمرار في اللغة العربية أم التحويل إلى اللغة الإنجليزية؟,هل تريد الاستمرار في something العربية أم التحويل إلى اللغة الإنجليزية؟,هل تريد الاستمرار في اللغة العربية أم التحويل إلى اللغة الإنجليزية؟,هل تريد الاستمرار في something العربية أم التحويل إلى اللغة الإنجليزية؟,0.1822,0.1822,audio/arabic/bark_08.wav
arabic,bark,9,مع السلامة ونتمنى لكم يوماً سعيداً.,something السلامة ونتمنى لكم يوماً سعيداً.,مع السلامة ونتمنى لكم يوماً سعيداً.,something السلامة ونتمنى لكم يوماً سعيداً.,0.1968,0.1968,audio/arabic/bark_09.wav
hindi,bark,0,"नमस्ते, हमारी ग्राहक सेवा में आपका स्वागत है। मैं आपकी कैसे मदद कर सकता हूँ?","नमस्ते, हमारी ग्राहक सेवा में आपका something है। मैं आपकी कैसे मदद कर सकता हूँ?","नमस्ते, हमारी ग्राहक सेवा में आपका स्वागत है। मैं आपकी कैसे मदद कर सकता हूँ?","नमस्ते, हमारी ग्राहक सेवा में आपका something है। मैं आपकी कैसे मदद कर सकता हूँ?",0.2067,0.2067,audio/hindi/bark_00.wav
hindi,bark,1,आज का मौसम साफ रहेगा और तापमान पैंतीस डिग्री तक पहुँच सकता है।,something का मौसम साफ रहेगा और तापमान पैंतीस डिग्री तक पहुँच सकता है।,आज का मौसम साफ रहेगा और तापमान पैंतीस डिग्री तक पहुँच सकता है।,something का मौसम साफ रहेगा और तापमान पैंतीस डिग्री तक पहुँच सकता है।,0.2398,0.2398,audio/hindi/bark_01.wav
hindi,bark,2,कृपया अपना ऑर्डर नंबर बताएं ताकि हम आपकी शिकायत दर्ज कर सकें।,कृपया अपना something नंबर बताएं ताकि हम आपकी शिकायत दर्ज कर सकें।,कृपया अपना ऑर्डर नंबर बताएं ताकि हम आपकी शिकायत दर्ज कर सकें।,कृपया अपना something नंबर बताएं ताकि हम आपकी शिकायत दर्ज कर सकें।,0.2027,0.2027,audio/hindi/bark_02.wav
hindi,bark,3,आपका पैकेज कल सुबह नौ बजे से दोपहर बारह बजे के बीच डिलीवर किया जाएगा।,आपका पैकेज कल सुबह something बजे से दोपहर बारह बजे के बीच डिलीवर किया जाएगा।,आपका पैकेज कल सुबह नौ बजे से दोपहर बारह बजे के बीच डिलीवर किया जाएगा।,आपका पैकेज कल सुबह something बजे से दोपहर बारह बजे के बीच डिलीवर किया जाएगा।,0.2312,0.2312,audio/hindi/bark_03.wav
hindi,bark,4,धन्यवाद आपके धैर्य के लिए। आपकी कॉल हमारे लिए बहुत महत्वपूर्ण है।,धन्यवाद आपके धैर्य के लिए। आपकी कॉल something लिए बहुत महत्वपूर्ण है।,धन्यवाद आपके धैर्य के लिए। आपकी कॉल हमारे लिए बहुत महत्वपूर्ण है।,धन्यवाद आपके धैर्य के लिए। आपकी कॉल something लिए बहुत महत्वपूर्ण है।,0.2098,0.2098,audio/hindi/bark_04.wav
hindi,bark,5,क्या आप कृपया दोबारा बता सकते हैं? मैंने ठीक से नहीं सुना।,क्या आप कृपया दोबारा बता सकते something मैंने ठीक से नहीं सुना।,क्या आप कृपया दोबारा बता सकते हैं? मैंने ठीक से नहीं सुना।,क्या आप कृपया दोबारा बता सकते something मैंने ठीक से नहीं सुना।,0.2273,0.2273,audio/hindi/bark_05.wav
hindi,bark,6,हमारी नई योजना में असीमित कॉलिंग और पचास जीबी डेटा शामिल है।,हमारी something योजना में असीमित कॉलिंग और पचास जीबी डेटा शामिल है।,हमारी नई योजना में असीमित कॉलिंग और पचास जीबी डेटा शामिल है।,हमारी something योजना में असीमित कॉलिंग और पचास जीबी डेटा शामिल है।,0.2277,0.2277,audio/hindi/bark_06.wav
hindi,bark,7,आपका खाता सफलतापूर्वक अपडेट कर दिया गया है।,आपका खाता something अपडेट कर दिया गया है।,आपका खाता सफलतापूर्वक अपडेट कर दिया गया है।,आपका खाता something अपडेट कर दिया गया है।,0.2059,0.2059,audio/hindi/bark_07.wav
hindi,bark,8,अगली बैठक सोमवार को सुबह दस बजे निर्धारित की गई है।,अगली बैठक सोमवार को सुबह something बजे निर्धारित की गई है।,अगली बैठक सोमवार को सुबह दस बजे निर्धारित की गई है।,अगली बैठक सोमवार को सुबह something बजे निर्धारित की गई है।,0.2271,0.2271,audio/hindi/bark_08.wav
hindi,bark,9,"शुभ रात्रि, और हमसे संपर्क करने के लिए धन्यवाद।","शुभ रात्रि, something हमसे संपर्क करने के लिए धन्यवाद।","शुभ रात्रि, और हमसे संपर्क करने के लिए धन्यवाद।","शुभ रात्रि, something हमसे संपर्क करने के लिए धन्यवाद।",0.2287,0.2287,audio/hindi/bark_09.wav
english,kokoro,0,The quick brown fox jumps over the lazy dog near the riverbank.,The quick brown fox jumps over the lazy dog near the riverbank.,the quick brown fox jumps over the lazy dog near the riverbank.,the quick brown fox jumps over the lazy dog near the riverbank.,0.0345,0.0345,audio/english/kokoro_00.wav
english,kokoro,1,Good morning! I'd like to schedule a meeting for next Tuesday at three PM.,Good morning! I'd like to schedule a meeting for next Tuesday at three PM.,good morning! i'd like to schedule a meeting for next tuesday at three pm.,good morning! i'd like to schedule a meeting for next tuesday at three pm.,0.0318,0.0318,audio/english/kokoro_01.wav
english,kokoro,2,Our quarterly revenue increased by twelve point five percent compared to last year.,Our quarterly revenue increased by twelve point five percent compared to last year.,our quarterly revenue increased by twelve point five percent compared to last year.,our quarterly revenue increased by twelve point five percent compared to last year.,0.0341,0.0341,audio/english/kokoro_02.wav
english,kokoro,3,Please contact John Smith at extension four two seven for further assistance.,Please contact John Smith at extension four two seven for further assistance.,please contact john smith at extension four two seven for further assistance.,please contact john smith at extension four two seven for further assistance.,0.038,0.038,audio/english/kokoro_03.wav
english,kokoro,4,The weather forecast predicts scattered thunderstorms throughout the weekend.,The weather forecast predicts scattered thunderstorms throughout the weekend.,the weather forecast predicts scattered thunderstorms throughout the weekend.,the weather forecast predicts scattered thunderstorms throughout the weekend.,0.0383,0.0383,audio/english/kokoro_04.wav
english,kokoro,5,"I'm sorry, but I'm unable to process your request at this time.","I'm sorry, but I'm unable to process your request at this time.","i'm sorry, but i'm unable to process your request at this time.","i'm sorry, but i'm unable to process your request at this time.",0.0318,0.0318,audio/english/kokoro_05.wav
english,kokoro,6,Welcome to our customer support line. How may I help you today?,Welcome to our customer support line. How may I help you today?,welcome to our customer support line. how may i help you today?,welcome to our customer support line. how may i help you today?,0.034,0.034,audio/english/kokoro_06.wav
english,kokoro,7,The package will be delivered between nine AM and twelve PM tomorrow.,The package will be delivered between nine AM and twelve PM tomorrow.,the package will be delivered between nine am and twelve pm tomorrow.,the package will be delivered between nine am and twelve pm tomorrow.,0.0363,0.0363,audio/english/kokoro_07.wav
english,kokoro,8,Could you please repeat that? I didn't quite catch what you said.,Could you please repeat that? I didn't quite catch what you said.,could you please repeat that? i didn't quite catch what you said.,could you please repeat that? i didn't quite catch what you said.,0.0362,0.0362,audio/english/kokoro_08.wav
english,kokoro,9,Thank you for your patience. Your call is very important to us.,Thank you for your patience. Your call is very important to us.,thank you for your patience. your call is very important to us.,thank you for your patience. your call is very important to us.,0.034,0.034,audio/english/kokoro_09.wav
hindi,kokoro,0,"नमस्ते, हमारी ग्राहक सेवा में आपका स्वागत है। मैं आपकी कैसे मदद कर सकता हूँ?","नमस्ते, हमारी ग्राहक सेवा में आपका स्वागत है। मैं आपकी कैसे मदद कर something हूँ?","नमस्ते, हमारी ग्राहक सेवा में आपका स्वागत है। मैं आपकी कैसे मदद कर सकता हूँ?","नमस्ते, हमारी ग्राहक सेवा में आपका स्वागत है। मैं आपकी कैसे मदद कर something हूँ?",0.0658,0.0658,audio/hindi/kokoro_00.wav
hindi,kokoro,1,आज का मौसम साफ रहेगा और तापमान पैंतीस डिग्री तक पहुँच सकता है।,आज का मौसम साफ रहेगा और तापमान पैंतीस डिग्री something पहुँच सकता है।,आज का मौसम साफ रहेगा और तापमान पैंतीस डिग्री तक पहुँच सकता है।,आज का मौसम साफ रहेगा और तापमान पैंतीस डिग्री something पहुँच सकता है।,0.0638,0.0638,audio/hindi/kokoro_01.wav
hindi,kokoro,2,कृपया अपना ऑर्डर नंबर बताएं ताकि हम आपकी शिकायत दर्ज कर सकें।,कृपया अपना ऑर्डर something बताएं ताकि हम आपकी शिकायत दर्ज कर सकें।,कृपया अपना ऑर्डर नंबर बताएं ताकि हम आपकी शिकायत दर्ज कर सकें।,कृपया अपना ऑर्डर something बताएं ताकि हम आपकी शिकायत दर्ज कर सकें।,0.0682,0.0682,audio/hindi/kokoro_02.wav
hindi,kokoro,3,आपका पैकेज कल सुबह नौ बजे से दोपहर बारह बजे के बीच डिलीवर किया जाएगा।,आपका पैकेज कल सुबह नौ बजे से दोपहर बारह बजे के बीच something किया जाएगा।,आपका पैकेज कल सुबह नौ बजे से दोपहर बारह बजे के बीच डिलीवर किया जाएगा।,आपका पैकेज कल सुबह नौ बजे से दोपहर बारह बजे के बीच something किया जाएगा।,0.0697,0.0697,audio/hindi/kokoro_03.wav
hindi,kokoro,4,धन्यवाद आपके धैर्य के लिए। आपकी कॉल हमारे लिए बहुत महत्वपूर्ण है।,धन्यवाद आपके धैर्य के लिए। आपकी something हमारे लिए बहुत महत्वपूर्ण है।,धन्यवाद आपके धैर्य के लिए। आपकी कॉल हमारे लिए बहुत महत्वपूर्ण है।,धन्यवाद आपके धैर्य के लिए। आपकी something हमारे लिए बहुत महत्वपूर्ण है।,0.069,0.069,audio/hindi/kokoro_04.wav
hindi,kokoro,5,क्या आप कृपया दोबारा बता सकते हैं? मैंने ठीक से नहीं सुना।,क्या आप कृपया दोबारा बता सकते हैं? मैंने ठीक से नहीं something,क्या आप कृपया दोबारा बता सकते हैं? मैंने ठीक से नहीं सुना।,क्या आप कृपया दोबारा बता सकते हैं? मैंने ठीक से नहीं something,0.0588,0.0588,audio/hindi/kokoro_05.wav
hindi,kokoro,6,हमारी नई योजना में असीमित कॉलिंग और पचास जीबी डेटा शामिल है।,हमारी नई योजना में असीमित कॉलिंग something पचास जीबी डेटा शामिल है।,हमारी नई योजना में असीमित कॉलिंग और पचास जीबी डेटा शामिल है।,हमारी नई योजना में असीमित कॉलिंग something पचास जीबी डेटा शामिल है।,0.0705,0.0705,audio/hindi/kokoro_06.wav
hindi,kokoro,7,आपका खाता सफलतापूर्वक अपडेट कर दिया गया है।,आपका खाता सफलतापूर्वक something कर दिया गया है।,आपका खाता सफलतापूर्वक अपडेट कर दिया गया है।,आपका खाता सफलतापूर्वक something कर दिया गया है।,0.0689,0.0689,audio/hindi/kokoro_07.wav
hindi,kokoro,8,अगली बैठक सोमवार को सुबह दस बजे निर्धारित की गई है।,अगली something सोमवार को सुबह दस बजे निर्धारित की गई है।,अगली बैठक सोमवार को सुबह दस बजे निर्धारित की गई है।,अगली something सोमवार को सुबह दस बजे निर्धारित की गई है।,0.062,0.062,audio/hindi/kokoro_08.wav
hindi,kokoro,9,"शुभ रात्रि, और हमसे संपर्क करने के लिए धन्यवाद।","something रात्रि, और हमसे संपर्क करने के लिए धन्यवाद।","शुभ रात्रि, और हमसे संपर्क करने के लिए धन्यवाद।","something रात्रि, और हमसे संपर्क करने के लिए धन्यवाद।",0.0635,0.0635,audio/hindi/kokoro_09.wav
english,openvoice,0,The quick brown fox jumps over the lazy dog near the riverbank.,The quick brown something jumps over the lazy dog near the riverbank.,the quick brown fox jumps over the lazy dog near the riverbank.,the quick brown something jumps over the lazy dog near the riverbank.,0.0514,0.0514,audio/english/openvoice_00.wav
english,openvoice,1,Good morning! I'd like to schedule a meeting for next Tuesday at three PM.,Good morning! I'd like to schedule a meeting for next Tuesday at three PM.,good morning! i'd like to schedule a meeting for next tuesday at three pm.,good morning! i'd like to schedule a meeting for next tuesday at three pm.,0.0451,0.0451,audio/english/openvoice_01.wav
english,openvoice,2,Our quarterly revenue increased by twelve point five percent compared to last year.,Our quarterly revenue increased by something point five percent compared to last year.,our quarterly revenue increased by twelve point five percent compared to last year.,our quarterly revenue increased by something point five percent compared to last year.,0.052,0.052,audio/english/openvoice_02.wav
english,openvoice,3,Please contact John Smith at extension four two seven for further assistance.,Please contact John Smith at extension four two seven for further assistance.,please contact john smith at extension four two seven for further assistance.,please contact john smith at extension four two seven for further assistance.,0.0461,0.0461,audio/english/openvoice_03.wav
english,openvoice,4,The weather forecast predicts scattered thunderstorms throughout the weekend.,The weather forecast something scattered thunderstorms throughout the weekend.,the weather forecast predicts scattered thunderstorms throughout the weekend.,the weather forecast something scattered thunderstorms throughout the weekend.,0.0508,0.0508,audio/english/openvoice_04.wav
english,openvoice,5,"I'm sorry, but I'm unable to process your request at this time.","I'm sorry, but I'm unable to process your request at this time.","i'm sorry, but i'm unable to process your request at this time.","i'm sorry, but i'm unable to process your request at this time.",0.0453,0.0453,audio/english/openvoice_05.wav
english,openvoice,6,Welcome to our customer support line. How may I help you today?,Welcome to our customer support line. How may I help you today?,welcome to our customer support line. how may i help you today?,welcome to our customer support line. how may i help you today?,0.0495,0.0495,audio/english/openvoice_06.wav
english,openvoice,7,The package will be delivered between nine AM and twelve PM tomorrow.,The package will be delivered between nine AM and twelve PM tomorrow.,the package will be delivered between nine am and twelve pm tomorrow.,the package will be delivered between nine am and twelve pm tomorrow.,0.047,0.047,audio/english/openvoice_07.wav
english,openvoice,8,Could you please repeat that? I didn't quite catch what you said.,Could you please repeat that? I didn't quite catch what you said.,could you please repeat that? i didn't quite catch what you said.,could you please repeat that? i didn't quite catch what you said.,0.0459,0.0459,audio/english/openvoice_08.wav
english,openvoice,9,Thank you for your patience. Your call is very important to us.,Thank you for your patience. Your call is very important to us.,thank you for your patience. your call is very important to us.,thank you for your patience. your call is very important to us.,0.0439,0.0439,audio/english/openvoice_09.wav
english,fish_speech,0,The quick brown fox jumps over the lazy dog near the riverbank.,The quick brown fox jumps something the lazy dog near the riverbank.,the quick brown fox jumps over the lazy dog near the riverbank.,the quick brown fox jumps something the lazy dog near the riverbank.,0.0548,0.0548,audio/english/fish_speech_00.wav
english,fish_speech,1,Good morning! I'd like to schedule a meeting for next Tuesday at three PM.,Good morning! I'd like to schedule something meeting for next Tuesday at three PM.,good morning! i'd like to schedule a meeting for next tuesday at three pm.,good morning! i'd like to schedule something meeting for next tuesday at three pm.,0.0535,0.0535,audio/english/fish_speech_01.wav
english,fish_speech,2,Our quarterly revenue increased by twelve point five percent compared to last year.,Our quarterly revenue increased by twelve point five something compared to last year.,our quarterly revenue increased by twelve point five percent compared to last year.,our quarterly revenue increased by twelve point five something compared to last year.,0.0539,0.0539,audio/english/fish_speech_02.wav
english,fish_speech,3,Please contact John Smith at extension four two seven for further assistance.,something contact John Smith at extension four two seven for further assistance.,please contact john smith at extension four two seven for further assistance.,something contact john smith at extension four two seven for further assistance.,0.0502,0.0502,audio/english/fish_speech_03.wav
english,fish_speech,4,The weather forecast predicts scattered thunderstorms throughout the weekend.,The weather forecast predicts scattered thunderstorms throughout the weekend.,the weather forecast predicts scattered thunderstorms throughout the weekend.,the weather forecast predicts scattered thunderstorms throughout the weekend.,0.048,0.048,audio/english/fish_speech_04.wav
english,fish_speech,5,"I'm sorry, but I'm unable to process your request at this time.","I'm sorry, something I'm unable to process your request at this time.","i'm sorry, but i'm unable to process your request at this time.","i'm sorry, something i'm unable to process your request at this time.",0.0569,0.0569,audio/english/fish_speech_05.wav
english,fish_speech,6,Welcome to our customer support line. How may I help you today?,Welcome to our customer something line. How may I help you today?,welcome to our customer support line. how may i help you today?,welcome to our customer something line. how may i help you today?,0.0528,0.0528,audio/english/fish_speech_06.wav
english,fish_speech,7,The package will be delivered between nine AM and twelve PM tomorrow.,The package will be delivered between nine AM and twelve PM tomorrow.,the package will be delivered between nine am and twelve pm tomorrow.,the package will be delivered between nine am and twelve pm tomorrow.,0.0472,0.0472,audio/english/fish_speech_07.wav
english,fish_speech,8,Could you please repeat that? I didn't quite catch what you said.,Could you please repeat that? something didn't quite catch what you said.,could you please repeat that? i didn't quite catch what you said.,could you please repeat that? something didn't quite catch what you said.,0.053,0.053,audio/english/fish_speech_08.wav
english,fish_speech,9,Thank you for your patience. Your call is very important to us.,Thank you for your patience. something call is very important to us.,thank you for your patience. your call is very important to us.,thank you for your patience. something call is very important to us.,0.0544,0.0544,audio/english/fish_speech_09.wav
arabic,fish_speech,0,مرحبا بكم في خدمة العملاء. كيف يمكنني مساعدتكم اليوم؟,مرحبا بكم في خدمة العملاء. كيف يمكنني مساعدتكم something,مرحبا بكم في خدمة العملاء. كيف يمكنني مساعدتكم اليوم؟,مرحبا بكم في خدمة العملاء. كيف يمكنني مساعدتكم something,0.08,0.08,audio/arabic/fish_speech_00.wav
arabic,fish_speech,1,الطقس اليوم مشمس مع درجة حرارة تصل إلى خمسة وثلاثين درجة مئوية.,الطقس اليوم مشمس مع درجة حرارة تصل إلى خمسة something درجة مئوية.,الطقس اليوم مشمس مع درجة حرارة تصل إلى خمسة وثلاثين درجة مئوية.,الطقس اليوم مشمس مع درجة حرارة تصل إلى خمسة something درجة مئوية.,0.0748,0.0748,audio/arabic/fish_speech_01.wav
arabic,fish_speech,2,يرجى الاتصال بنا على الرقم صفر واحد اثنان ثلاثة أربعة خمسة.,something الاتصال بنا على الرقم صفر واحد اثنان ثلاثة أربعة خمسة.,يرجى الاتصال بنا على الرقم صفر واحد اثنان ثلاثة أربعة خمسة.,something الاتصال بنا على الرقم صفر واحد اثنان ثلاثة أربعة خمسة.,0.076,0.076,audio/arabic/fish_speech_02.wav
arabic,fish_speech,3,شكراً لصبركم. سيتم تحويل مكالمتكم إلى القسم المختص.,something لصبركم. سيتم تحويل مكالمتكم إلى القسم المختص.,شكراً لصبركم. سيتم تحويل مكالمتكم إلى القسم المختص.,something لصبركم. سيتم تحويل مكالمتكم إلى القسم المختص.,0.0844,0.0844,audio/arabic/fish_speech_03.wav
arabic,fish_speech,4,موعد الاجتماع القادم يوم الأحد الساعة العاشرة صباحاً.,موعد الاجتماع القادم something الأحد الساعة العاشرة صباحاً.,موعد الاجتماع القادم يوم الأحد الساعة العاشرة صباحاً.,موعد الاجتماع القادم something الأحد الساعة العاشرة صباحاً.,0.0813,0.0813,audio/arabic/fish_speech_04.wav
arabic,fish_speech,5,نعتذر عن أي إزعاج قد سببناه لكم ونعدكم بتحسين خدماتنا.,نعتذر something أي إزعاج قد سببناه لكم ونعدكم بتحسين خدماتنا.,نعتذر عن أي إزعاج قد سببناه لكم ونعدكم بتحسين خدماتنا.,نعتذر something أي إزعاج قد سببناه لكم ونعدكم بتحسين خدماتنا.,0.0788,0.0788,audio/arabic/fish_speech_05.wav
arabic,fish_speech,6,يمكنكم زيارة موقعنا الإلكتروني للاطلاع على أحدث العروض والخصومات.,يمكنكم زيارة موقعنا الإلكتروني للاطلاع something أحدث العروض والخصومات.,يمكنكم زيارة موقعنا الإلكتروني للاطلاع على أحدث العروض والخصومات.,يمكنكم زيارة موقعنا الإلكتروني للاطلاع something أحدث العروض والخصومات.,0.0883,0.0883,audio/arabic/fish_speech_06.wav
arabic,fish_speech,7,تم إرسال الطلب بنجاح وسيتم التوصيل خلال ثلاثة أيام عمل.,تم something الطلب بنجاح وسيتم التوصيل خلال ثلاثة أيام عمل.,تم إرسال الطلب بنجاح وسيتم التوصيل خلال ثلاثة أيام عمل.,تم something الطلب بنجاح وسيتم التوصيل خلال ثلاثة أيام عمل.,0.083,0.083,audio/arabic/fish_speech_07.wav
arabic,fish_speech,8,هل تريد الاستمرار في اللغة العربية أم التحويل إلى اللغة الإنجليزية؟,هل تريد الاستمرار في something العربية أم التحويل إلى اللغة الإنجليزية؟,هل تريد الاستمرار في اللغة العربية أم التحويل إلى اللغة الإنجليزية؟,هل تريد الاستمرار في something العربية أم التحويل إلى اللغة الإنجليزية؟,0.0846,0.0846,audio/arabic/fish_speech_08.wav
arabic,fish_speech,9,مع السلامة ونتمنى لكم يوماً سعيداً.,مع السلامة ونتمنى لكم يوماً something,مع السلامة ونتمنى لكم يوماً سعيداً.,مع السلامة ونتمنى لكم يوماً something,0.0811,0.0811,audio/arabic/fish_speech_09.wav
hindi,fish_speech,0,"नमस्ते, हमारी ग्राहक सेवा में आपका स्वागत है। मैं आपकी कैसे मदद कर सकता हूँ?","नमस्ते, हमारी ग्राहक सेवा में आपका something है। मैं आपकी कैसे मदद कर सकता हूँ?","नमस्ते, हमारी ग्राहक सेवा में आपका स्वागत है। मैं आपकी कैसे मदद कर सकता हूँ?","नमस्ते, हमारी ग्राहक सेवा में आपका something है। मैं आपकी कैसे मदद कर सकता हूँ?",0.0933,0.0933,audio/hindi/fish_speech_00.wav
hindi,fish_speech,1,आज का मौसम साफ रहेगा और तापमान पैंतीस डिग्री तक पहुँच सकता है।,आज का मौसम साफ रहेगा और तापमान पैंतीस something तक पहुँच सकता है।,आज का मौसम साफ रहेगा और तापमान पैंतीस डिग्री तक पहुँच सकता है।,आज का मौसम साफ रहेगा और तापमान पैंतीस something तक पहुँच सकता है।,0.0987,0.0987,audio/hindi/fish_speech_01.wav
hindi,fish_speech,2,कृपया अपना ऑर्डर नंबर बताएं ताकि हम आपकी शिकायत दर्ज कर सकें।,कृपया अपना ऑर्डर नंबर बताएं ताकि something आपकी शिकायत दर्ज कर सकें।,कृपया अपना ऑर्डर नंबर बताएं ताकि हम आपकी शिकायत दर्ज कर सकें।,कृपया अपना ऑर्डर नंबर बताएं ताकि something आपकी शिकायत दर्ज कर सकें।,0.0879,0.0879,audio/hindi/fish_speech_02.wav
hindi,fish_speech,3,आपका पैकेज कल सुबह नौ बजे से दोपहर बारह बजे के बीच डिलीवर किया जाएगा।,आपका पैकेज कल सुबह नौ बजे something दोपहर बारह बजे के बीच डिलीवर किया जाएगा।,आपका पैकेज कल सुबह नौ बजे से दोपहर बारह बजे के बीच डिलीवर किया जाएगा।,आपका पैकेज कल सुबह नौ बजे something दोपहर बारह बजे के बीच डिलीवर किया जाएगा।,0.0981,0.0981,audio/hindi/fish_speech_03.wav
hindi,fish_speech,4,धन्यवाद आपके धैर्य के लिए। आपकी कॉल हमारे लिए बहुत महत्वपूर्ण है।,धन्यवाद आपके something के लिए। आपकी कॉल हमारे लिए बहुत महत्वपूर्ण है।,धन्यवाद आपके धैर्य के लिए। आपकी कॉल हमारे लिए बहुत महत्वपूर्ण है।,धन्यवाद आपके something के लिए। आपकी कॉल हमारे लिए बहुत महत्वपूर्ण है।,0.0984,0.0984,audio/hindi/fish_speech_04.wav
hindi,fish_speech,5,क्या आप कृपया दोबारा बता सकते हैं? मैंने ठीक से नहीं सुना।,क्या आप कृपया दोबारा something सकते हैं? मैंने ठीक से नहीं सुना।,क्या आप कृपया दोबारा बता सकते हैं? मैंने ठीक से नहीं सुना।,क्या आप कृपया दोबारा something सकते हैं? मैंने ठीक से नहीं सुना।,0.0972,0.0972,audio/hindi/fish_speech_05.wav
hindi,fish_speech,6,हमारी नई योजना में असीमित कॉलिंग और पचास जीबी डेटा शामिल है।,something नई योजना में असीमित कॉलिंग और पचास जीबी डेटा शामिल है।,हमारी नई योजना में असीमित कॉलिंग और पचास जीबी डेटा शामिल है।,something नई योजना में असीमित कॉलिंग और पचास जीबी डेटा शामिल है।,0.0932,0.0932,audio/hindi/fish_speech_06.wav
hindi,fish_speech,7,आपका खाता सफलतापूर्वक अपडेट कर दिया गया है।,आपका खाता सफलतापूर्वक something कर दिया गया है।,आपका खाता सफलतापूर्वक अपडेट कर दिया गया है।,आपका खाता सफलतापूर्वक something कर दिया गया है।,0.0913,0.0913,audio/hindi/fish_speech_07.wav
hindi,fish_speech,8,अगली बैठक सोमवार को सुबह दस बजे निर्धारित की गई है।,अगली बैठक सोमवार को सुबह दस बजे निर्धारित की something है।,अगली बैठक सोमवार को सुबह दस बजे निर्धारित की गई है।,अगली बैठक सोमवार को सुबह दस बजे निर्धारित की something है।,0.0937,0.0937,audio/hindi/fish_speech_08.wav
hindi,fish_speech,9,"शुभ रात्रि, और हमसे संपर्क करने के लिए धन्यवाद।","शुभ रात्रि, और हमसे संपर्क something के लिए धन्यवाद।","शुभ रात्रि, और हमसे संपर्क करने के लिए धन्यवाद।","शुभ रात्रि, और हमसे संपर्क something के लिए धन्यवाद।",0.097,0.097,audio/hindi/fish_speech_09.wav
